                  epoch,         train/box_loss,         train/cls_loss,         train/dfl_loss,   metrics/precision(B),      metrics/recall(B),       metrics/mAP50(B),    metrics/mAP50-95(B),           val/box_loss,           val/cls_loss,           val/dfl_loss,                 lr/pg0,                 lr/pg1,                 lr/pg2
                      1,                 1.1647,                0.61388,                 1.3774,                0.93301,                0.91604,                0.94072,                0.59363,                 1.2947,                0.74041,                 1.4146,             0.00066616,             0.00066616,             0.00066616
                      2,                 1.2044,                0.66404,                 1.4106,                0.93614,                0.90765,                0.94853,                0.59994,                 1.3337,                0.65453,                 1.4203,              0.0010689,              0.0010689,              0.0010689
                      3,                 1.1835,                0.64031,                 1.3987,                0.94363,                0.91745,                0.94541,                0.62094,                 1.2388,                0.60614,                 1.3584,              0.0012077,              0.0012077,              0.0012077
                      4,                 1.1539,                 0.5904,                 1.3799,                0.95455,                0.93621,                0.96627,                0.64543,                 1.2065,                0.56238,                 1.3778,               0.000812,               0.000812,               0.000812
                      5,                 1.1309,                 0.5667,                 1.3616,                0.97722,                 0.9255,                0.97365,                0.66074,                 1.1857,                 0.5226,                 1.3104,               0.000812,               0.000812,               0.000812
